file	id	name
MainClass.swf	0	com.kingdowin.TDSheep.main.init.MainClass
TDSheepMain.swf	0	com.kingdowin.TDSheep.main.TDSheepMain
gameUI_Font_num_HYHHJ.swf	1	Font_num_HYHHJ
gameUI_bullet.swf	77	bullet010
gameUI_bullet.swf	74	bullet011
gameUI_bullet.swf	73	bullet012
gameUI_bullet.swf	72	bullet013
gameUI_bullet.swf	71	bullet015
gameUI_bullet.swf	68	bullet020
gameUI_bullet.swf	67	bullet021
gameUI_bullet.swf	65	bullet022
gameUI_bullet.swf	63	bullet023
gameUI_bullet.swf	61	bullet024
gameUI_bullet.swf	59	bullet025
gameUI_bullet.swf	57	bullet026
gameUI_bullet.swf	53	bullet040
gameUI_bullet.swf	50	bullet050
gameUI_bullet.swf	47	bullet060
gameUI_bullet.swf	44	bullet100
gameUI_bullet.swf	43	bullet110
gameUI_bullet.swf	40	bullet120
gameUI_bullet.swf	37	bullet130
gameUI_bullet.swf	34	bullet140
gameUI_bullet.swf	29	bullet210
gameUI_bullet.swf	24	bullet211
gameUI_bullet.swf	22	bullet212
gameUI_bullet.swf	20	bullet213
gameUI_bullet.swf	13	bullet214
gameUI_bullet.swf	2	bullet215
gameUI_dynamic_TheStronghold.swf	294	Test_tips_ui_bg
gameUI_dynamic_TheStronghold.swf	292	Test_tips_ui_point
gameUI_dynamic_TheStronghold.swf	290	TheStronghold
gameUI_dynamic_TheStronghold.swf	280	TheStronghold_fla.TheStronghold_manor_113
gameUI_dynamic_TheStronghold.swf	25	TheStronghold_back
gameUI_dynamic_TheStronghold.swf	22	TheStronghold_tips_pk
gameUI_dynamic_TheStronghold.swf	18	TheStronghold_tips_mine
gameUI_dynamic_TheStronghold.swf	13	TheStronghold_tips_mine_help
gameUI_dynamic_TheStronghold_arena.swf	60	The_arena_panel_card
gameUI_dynamic_TheStronghold_arena.swf	46	The_arena_panel_card_1
gameUI_dynamic_TheStronghold_arena.swf	24	The_arena_data_panel
gameUI_dynamic_TheStronghold_arena.swf	14	The_arena_panel
gameUI_dynamic_TheStronghold_tame.swf	202	TheStronghold_tame
gameUI_dynamic_TheStronghold_tame.swf	139	TheStronghold_tame_battlePanel
gameUI_dynamic_TheStronghold_tame.swf	135	TheStronghold_tame_defend_btn
gameUI_dynamic_TheStronghold_tame.swf	128	TheStronghold_tame_info
gameUI_dynamic_TheStronghold_tame.swf	90	TheStronghold_tame_manor_card
gameUI_dynamic_TheStronghold_tame.swf	77	TheStronghold_tame_manor_card2
gameUI_dynamic_TheStronghold_tame.swf	73	TheStronghold_tame_pkPanel
gameUI_dynamic_TheStronghold_tame.swf	50	TheStronghold_tame_wCard_2
gameUI_dynamic_TheStronghold_tame.swf	39	TheStronghold_tame_pkPanel_tag
gameUI_dynamic_TheStronghold_tame.swf	37	TheStronghold_tame_pkPanel_tag2
gameUI_dynamic_TheStronghold_tame.swf	35	TheStronghold_tame_skill_0
gameUI_dynamic_TheStronghold_tame.swf	28	TheStronghold_tame_skill_1
gameUI_dynamic_TheStronghold_tame.swf	26	TheStronghold_tame_wCard_0
gameUI_dynamic_TheStronghold_tame.swf	25	TheStronghold_tame_fla.Timeline_72
gameUI_dynamic_TheStronghold_tame.swf	16	TheStronghold_tame_wCard_1
gameUI_dynamic_TheStronghold_tame.swf	7	TheStronghold_tame_wCard_3
gameUI_dynamic_TheStronghold_tame.swf	2	TheStronghold_tame_wCard_0_lv
gameUI_dynamic_TheWorld.swf	97	TheWorld_fun_3
gameUI_dynamic_TheWorld.swf	85	TheWorld_changeMap
gameUI_dynamic_TheWorld.swf	75	TheWorld_fun_0
gameUI_dynamic_TheWorld.swf	61	TheWorld_fun_1
gameUI_dynamic_TheWorld.swf	44	TheWorld_fun_2
gameUI_dynamic_TheWorld.swf	10	TheWorld_fla.Timeline_13
gameUI_effect.swf	387	effectCrit
gameUI_effect.swf	376	effect201
gameUI_effect.swf	375	effect202
gameUI_effect.swf	374	effect203
gameUI_effect.swf	373	effect204
gameUI_effect.swf	354	effect310
gameUI_effect.swf	342	pathBurn
gameUI_effect.swf	338	statusCold
gameUI_effect.swf	331	signShield
gameUI_effect.swf	328	statusIntimidate
gameUI_effect.swf	326	statusLinks
gameUI_effect.swf	323	pathCold
gameUI_effect.swf	320	effectSneer
gameUI_effect.swf	317	effectSneerOne
gameUI_effect.swf	314	teleport
gameUI_effect.swf	311	effect030
gameUI_effect.swf	304	effectMirror
gameUI_effect.swf	302	effectHedian
gameUI_effect.swf	274	effect220
gameUI_effect.swf	271	effect221
gameUI_effect.swf	268	effectRelive
gameUI_effect.swf	264	signCure
gameUI_effect.swf	261	effectCussBreak
gameUI_effect.swf	244	statusReducedDefense
gameUI_effect.swf	240	statusSlow
gameUI_effect.swf	227	statusShield
gameUI_effect.swf	219	statusPoison
gameUI_effect.swf	212	effectCureOne
gameUI_effect.swf	208	signTransform
gameUI_effect.swf	202	effectCuss
gameUI_effect.swf	191	effectBoss
gameUI_effect.swf	187	effectSuicide
gameUI_effect.swf	164	effectBlinkIn
gameUI_effect.swf	157	signCloud
gameUI_effect.swf	154	effect222
gameUI_effect.swf	149	effect223
gameUI_effect.swf	144	effectRun
gameUI_effect.swf	141	effect300
gameUI_effect.swf	130	effectLinks
gameUI_effect.swf	126	statusCuss
gameUI_effect.swf	112	effectPath
gameUI_effect.swf	110	arrowhead
gameUI_effect.swf	108	tinyLoading
gameUI_effect.swf	107	effect040
gameUI_effect.swf	103	effectMagic
gameUI_effect.swf	101	effect010
gameUI_effect.swf	96	allAttackAOE
gameUI_effect.swf	82	allAttack
gameUI_effect.swf	79	effectCure
gameUI_effect.swf	73	smallLoading
gameUI_effect.swf	68	effectCloud
gameUI_effect.swf	62	statusSilence
gameUI_effect.swf	58	invasion
gameUI_effect.swf	53	effect140
gameUI_effect.swf	46	effectBlinkOut
gameUI_effect.swf	37	effectSummon
gameUI_effect.swf	33	statusBurn
gameUI_effect.swf	21	effect020
gameUI_effect.swf	16	statusLinks_2
gameUI_effect.swf	10	statusVertigo
gameUI_effect.swf	7	signSummon
gameUI_effect.swf	4	statusMCold_SLOWF
gameUI_item.swf	628	za_huang_jp
gameUI_item.swf	626	za_jin_jp
gameUI_item.swf	624	za_jinyaoshi
gameUI_item.swf	622	za_nv_jp
gameUI_item.swf	620	za_shen_jp
gameUI_item.swf	618	za_tongyaoshi
gameUI_item.swf	616	za_yinyaoshi
gameUI_item.swf	614	za_zhi_jp
gameUI_item.swf	612	qixi1
gameUI_item.swf	608	liuyi3Icon
gameUI_item.swf	606	baoxiang21
gameUI_item.swf	604	haojiao_bnl
gameUI_item.swf	602	za_baozha
gameUI_item.swf	600	bushoujia1
gameUI_item.swf	598	item_fla.jiazi_20
gameUI_item.swf	592	baozhatong1
gameUI_item.swf	589	item_fla.Timeline_24
gameUI_item.swf	579	dicicao1
gameUI_item.swf	578	item_fla.Timeline_32
gameUI_item.swf	575	item_fla.v_31
gameUI_item.swf	572	sl1
gameUI_item.swf	569	za_nianzhuo
gameUI_item.swf	567	bushoujia2
gameUI_item.swf	565	item_fla.jiazi_39
gameUI_item.swf	560	cuantiandan2
gameUI_item.swf	556	baozhatong2
gameUI_item.swf	553	item_fla.Timeline_45
gameUI_item.swf	546	lqxfj
gameUI_item.swf	544	dicicao2
gameUI_item.swf	543	item_fla.Timeline_52
gameUI_item.swf	536	item_fla.Timeline_51
gameUI_item.swf	531	ybb
gameUI_item.swf	529	sl2
gameUI_item.swf	525	chunjie1
gameUI_item.swf	524	item_fla.Timeline_58
gameUI_item.swf	521	baoxiang14
gameUI_item.swf	519	baoxiang13
gameUI_item.swf	517	za_cun
gameUI_item.swf	515	baoxiang7
gameUI_item.swf	513	dalic
gameUI_item.swf	511	drws
gameUI_item.swf	508	bushoujia4
gameUI_item.swf	507	item_fla.jiazi_68
gameUI_item.swf	501	cuantiandan4
gameUI_item.swf	497	baozhatong4
gameUI_item.swf	496	item_fla.GJDBL_74
gameUI_item.swf	489	lqxfj2
gameUI_item.swf	487	dicicao4
gameUI_item.swf	486	item_fla.GJDCC_79
gameUI_item.swf	481	item_fla.GC_78
gameUI_item.swf	478	ybb2
gameUI_item.swf	476	sl4
gameUI_item.swf	472	tuzhi
gameUI_item.swf	468	guoqing1
gameUI_item.swf	461	baoxiang_E
gameUI_item.swf	459	hong3
gameUI_item.swf	458	hong2
gameUI_item.swf	452	hong4
gameUI_item.swf	446	hong1
gameUI_item.swf	440	tt_D
gameUI_item.swf	438	za_huan
gameUI_item.swf	436	za_jinyang
gameUI_item.swf	433	baoxiang80
gameUI_item.swf	427	baoxiang17
gameUI_item.swf	425	baoxiang3
gameUI_item.swf	422	tt_C
gameUI_item.swf	420	za_jinggang
gameUI_item.swf	418	baoxiang_D
gameUI_item.swf	416	juzi
gameUI_item.swf	414	wexp_A
gameUI_item.swf	412	wexp_B
gameUI_item.swf	410	wexp_C
gameUI_item.swf	408	wexp_D
gameUI_item.swf	406	card_E2
gameUI_item.swf	404	card_E1
gameUI_item.swf	400	card_C2
gameUI_item.swf	398	card_C1
gameUI_item.swf	396	card_D2
gameUI_item.swf	394	card_D1
gameUI_item.swf	390	card_A2
gameUI_item.swf	388	card_A1
gameUI_item.swf	386	card_B2
gameUI_item.swf	384	card_B1
gameUI_item.swf	382	za_le
gameUI_item.swf	380	baoxiang_A
gameUI_item.swf	378	mc
gameUI_item.swf	375	tt_A
gameUI_item.swf	373	baoxiang15
gameUI_item.swf	371	baoxiang_B
gameUI_item.swf	369	hong5
gameUI_item.swf	359	za_qiangwei
gameUI_item.swf	357	baoxiang_ql
gameUI_item.swf	353	haojiao_qbt
gameUI_item.swf	351	haojiao_ns
gameUI_item.swf	349	rmbbt
gameUI_item.swf	347	baoxiang4
gameUI_item.swf	344	baoxiang6
gameUI_item.swf	342	baoxiang5
gameUI_item.swf	340	baoxiang11
gameUI_item.swf	338	baoxiang10
gameUI_item.swf	333	shengdan1
gameUI_item.swf	330	tt_B
gameUI_item.swf	328	za_shiguang
gameUI_item.swf	326	baoxiang_C
gameUI_item.swf	324	za_song
gameUI_item.swf	322	texp_A
gameUI_item.swf	319	texp_B
gameUI_item.swf	316	texp_C
gameUI_item.swf	313	tiegao
gameUI_item.swf	311	baoxiang1
gameUI_item.swf	308	baoxiang_tt
gameUI_item.swf	305	baoxiang16
gameUI_item.swf	299	baoxiang_F
gameUI_item.swf	297	baoxiang_JP_1
gameUI_item.swf	292	baoxiang8
gameUI_item.swf	289	za_xingchen
gameUI_item.swf	287	za_yang
gameUI_item.swf	285	baoxiang_DW
gameUI_item.swf	280	baoxiang2
gameUI_item.swf	274	yuanxiao1
gameUI_item.swf	271	item_fla.Timeline_189
gameUI_item.swf	265	bushoujia3
gameUI_item.swf	264	item_fla.jiazi_193
gameUI_item.swf	258	cuantiandan3
gameUI_item.swf	253	baozhatong3
gameUI_item.swf	248	item_fla.Timeline_198
gameUI_item.swf	242	lqxfj1
gameUI_item.swf	240	dicicao3
gameUI_item.swf	239	item_fla.ZJDCC_204
gameUI_item.swf	230	item_fla.Q_203
gameUI_item.swf	227	ybb1
gameUI_item.swf	225	sl3
gameUI_item.swf	219	baoxiang18
gameUI_item.swf	215	gem_hammer
gameUI_item.swf	213	baoxiang_JP_4
gameUI_item.swf	211	baoxiang_sd3
gameUI_item.swf	209	haojiao_sd3
gameUI_item.swf	207	baoxiang_nl
gameUI_item.swf	205	qixi2Icon
gameUI_item.swf	203	gem_opener
gameUI_item.swf	201	baoxiang_sd1
gameUI_item.swf	199	haojiao_sd1
gameUI_item.swf	197	baoxiang_sd2
gameUI_item.swf	195	haojiao_sd2
gameUI_item.swf	193	baoxiang_zn
gameUI_item.swf	191	za_baozhen_drop
gameUI_item.swf	189	za_beizi_drop
gameUI_item.swf	187	za_bitong_drop
gameUI_item.swf	185	baoxiang_dyd
gameUI_item.swf	174	za_gangbi_drop
gameUI_item.swf	172	za_unlock
gameUI_item.swf	170	baoxiang_sj
gameUI_item.swf	168	haojiao_sj
gameUI_item.swf	163	haojiao_tzs
gameUI_item.swf	161	za_tongyang
gameUI_item.swf	159	za_yinyang
gameUI_item.swf	157	za_huizhang
gameUI_item.swf	150	baozhatong5
gameUI_item.swf	146	item_fla.sdfdsfdsf_243
gameUI_item.swf	139	baoxiang101
gameUI_item.swf	133	baozhatong7
gameUI_item.swf	132	item_fla.Timeline_250
gameUI_item.swf	125	baoxiang103
gameUI_item.swf	123	haojiao_lmx
gameUI_item.swf	121	haojiao_tl
gameUI_item.swf	119	za_moyangyang
gameUI_item.swf	117	baoxiang_wz1
gameUI_item.swf	115	baoxiang_wz2
gameUI_item.swf	111	baoxiang_lb1
gameUI_item.swf	107	haojiao_skm
gameUI_item.swf	102	baoxiang_scdg
gameUI_item.swf	95	baoxiang_xxg
gameUI_item.swf	93	baoxiang_xndg
gameUI_item.swf	88	baoxiang_yml
gameUI_item.swf	80	baoxiang102
gameUI_item.swf	78	baozhatong6
gameUI_item.swf	74	item_fla.Timeline_276
gameUI_item.swf	67	baoxiang_xnfd2
gameUI_item.swf	66	baoxiang_xnfd1
gameUI_item.swf	64	baoxiang_xnfd3
gameUI_item.swf	59	baoxiang_bslb
gameUI_item.swf	52	za_dyu_jp
gameUI_item.swf	50	za_fzhen_jp
gameUI_item.swf	48	za_mei_jp
gameUI_item.swf	42	za_mianj_jp
gameUI_item.swf	37	za_song_jp
gameUI_item.swf	33	baoxiang107
gameUI_item.swf	31	za_bpqm
gameUI_item.swf	26	za_dqjz
gameUI_item.swf	22	za_lsbw
gameUI_item.swf	20	za_nnyy
gameUI_item.swf	18	baoxiang111
gameUI_item.swf	16	za_syqs
gameUI_item.swf	14	za_sjmg
gameUI_item.swf	12	za_wsry
gameUI_item.swf	10	za_xazx
gameUI_item.swf	8	baoxiang110
gameUI_item.swf	6	baoxiang109
gameUI_item.swf	4	baoxiang108
gameUI_item.swf	2	za_zcjb
gameUI_landform.swf	40	FloorGridAllow
gameUI_landform.swf	38	FloorGridAllow2
gameUI_landform.swf	35	FloorGridRefuse
gameUI_landform.swf	33	HaloChoice
gameUI_landform.swf	31	pathPath
gameUI_landform.swf	29	shadow
gameUI_landform.swf	27	SpringIn
gameUI_landform.swf	22	SpringInx
gameUI_landform.swf	14	SpringOutF
gameUI_landform.swf	12	SpringOutFx
gameUI_landform.swf	10	SpringOutT
gameUI_landform.swf	8	SpringOutTx
gameUI_landform.swf	6	WoodenBox
gameUI_material.swf	1404	UI_btn_dreamMap
gameUI_material.swf	1395	UI_btn_worldMap_dream
gameUI_material.swf	1393	UI_dream_list_mapChange_card
gameUI_material.swf	1390	UI_dream_tools_bg_card
gameUI_material.swf	1388	UI_panel_build_tower_dream
gameUI_material.swf	1380	UI_panel_dream_a
gameUI_material.swf	1377	UI_panel_dream_b
gameUI_material.swf	1373	UI_panel_dream_c
gameUI_material.swf	1364	UI_panel_dream_list
gameUI_material.swf	1353	material_fla.Timeline_49
gameUI_material.swf	1350	material_fla.Timeline_48
gameUI_material.swf	1332	UI_btn_dream_list
gameUI_material.swf	1327	UI_panel_dream_list_card0
gameUI_material.swf	1323	UI_panel_dream_list_card1
gameUI_material.swf	1314	UI_panel_dream_list_mapChange
gameUI_material.swf	1312	UI_panel_dream_listAward
gameUI_material.swf	1291	UI_panel_dream_listAward_card
gameUI_material.swf	1289	UI_panel_dream_tag
gameUI_material.swf	1285	UI_panel_gameInfo_dream
gameUI_material.swf	1272	UI_panel_gameInfo_pass_dream
gameUI_material.swf	1254	任务噩梦道具相关
gameUI_material.swf	1252	任务噩梦相关
gameUI_material.swf	1250	UI_panel_award_info_qq_1
gameUI_material.swf	1249	UI_panel_award_info_qq_2
gameUI_material.swf	1248	UI_panel_award_info_qq_3
gameUI_material.swf	1247	UI_panel_tips_award_up_qq
gameUI_material.swf	1246	change_tag
gameUI_material.swf	1242	change_tagxx
gameUI_material.swf	1240	UI_panel_change
gameUI_material.swf	1209	UI_panel_change_card
gameUI_material.swf	1206	UI_panel_change_target
gameUI_material.swf	1204	UI_friend_ComeBack
gameUI_material.swf	1147	UI_friend_invite_card
gameUI_material.swf	1141	UI_friend_oldplayer
gameUI_material.swf	1136	UI_ad_clip_0
gameUI_material.swf	1132	UI_ad_icon_normal
gameUI_material.swf	1129	UI_panel_ad_fun
gameUI_material.swf	1114	UI_panel_ad_normal
gameUI_material.swf	1110	UI_task_icon_0
gameUI_material.swf	1108	UI_task_aim_visit_friend_get_bonus
gameUI_material.swf	1106	UI_task_aim_gem
gameUI_material.swf	1104	UI_task_aim_kill_cycle_wolf
gameUI_material.swf	1102	UI_task_aim_timer
gameUI_material.swf	1098	UI_task_aim_timer_award
gameUI_material.swf	1094	UI_task_aim_properties
gameUI_material.swf	1092	UI_task_aim_is_end
gameUI_material.swf	1090	UI_task_aim_defend
gameUI_material.swf	1088	UI_task_more_bg
gameUI_material.swf	1086	UI_task_aim_kill_spy_wolf
gameUI_material.swf	1081	UI_task_aim_mine
gameUI_material.swf	1079	UI_task_aim_wolf_skill
gameUI_material.swf	1077	UI_task_aim_wolf
gameUI_material.swf	1074	UI_task_clock
gameUI_material.swf	1069	UI_task_aim_send_invite
gameUI_material.swf	1065	UI_task_aim_status_0
gameUI_material.swf	1063	UI_task_aim_use_snare
gameUI_material.swf	1061	UI_task_aim_build
gameUI_material.swf	1059	UI_task_aim_status_00
gameUI_material.swf	1056	UI_task_aim_catch_slave
gameUI_material.swf	1054	UI_panel_log
gameUI_material.swf	1034	UI_panel_log_card
gameUI_material.swf	1031	UI_panel_eog
gameUI_material.swf	990	UI_panel_eog_card0
gameUI_material.swf	981	UI_panel_eog_card1
gameUI_material.swf	969	UI_panel_friend_list
gameUI_material.swf	957	TheStronghold_tame_manor
gameUI_material.swf	954	UI_camp_exp_tower
gameUI_material.swf	952	UI_camp_exp_wolf
gameUI_material.swf	950	UI_panel_build_tower_tame
gameUI_material.swf	938	UI_panel_tame_arenaAward
gameUI_material.swf	893	UI_panel_tame_gameInfo_friend
gameUI_material.swf	892	UI_panel_tame_mine
gameUI_material.swf	874	UI_panel_tameUI
gameUI_material.swf	873	material_fla.Timeline_277
gameUI_material.swf	866	UI_panel_tameUI_del_barrier
gameUI_material.swf	853	UI_panel_tameUI_expBook
gameUI_material.swf	852	UI_panel_tameUI_other
gameUI_material.swf	851	UI_panel_tameUI_skill
gameUI_material.swf	848	UI_panel_tameUI_skill_up
gameUI_material.swf	839	UI_panel_tameUI_wolfs
gameUI_material.swf	831	material_fla.Timeline_309
gameUI_material.swf	825	UI_panel_bg1
gameUI_material.swf	823	UI_panel_bg2
gameUI_material.swf	821	UI_bar_happy
gameUI_material.swf	816	UI_btn_free
gameUI_material.swf	814	UI_btn_catch
gameUI_material.swf	811	UI_btn_steal
gameUI_material.swf	806	UI_btn_audio
gameUI_material.swf	805	UI_btn_audio_close
gameUI_material.swf	803	UI_btn_build
gameUI_material.swf	802	UI_btn_change
gameUI_material.swf	798	UI_btn_close
gameUI_material.swf	795	UI_btn_coinBrush
gameUI_material.swf	793	UI_btn_eachOtherGifts
gameUI_material.swf	791	UI_btn_gemGroup
gameUI_material.swf	789	UI_btn_goHome
gameUI_material.swf	787	UI_btn_log
gameUI_material.swf	786	UI_tag_5
gameUI_material.swf	783	UI_btn_mapWolfInfo
gameUI_material.swf	781	UI_btn_music
gameUI_material.swf	780	UI_btn_music_close
gameUI_material.swf	778	UI_btn_refining
gameUI_material.swf	776	UI_btn_scaleMax
gameUI_material.swf	774	UI_btn_scaleMin
gameUI_material.swf	772	UI_btn_shop
gameUI_material.swf	771	UI_btn_slave
gameUI_material.swf	769	UI_btn_speedup
gameUI_material.swf	768	UI_btn_speedup_close
gameUI_material.swf	764	UI_btn_task_more
gameUI_material.swf	759	UI_btn_worldMap
gameUI_material.swf	739	material_fla.UI_btn_worldMap_0_350
gameUI_material.swf	721	UI_btn_worldMap_1
gameUI_material.swf	719	UI_icon_bg
gameUI_material.swf	717	UI_icon_coin
gameUI_material.swf	715	UI_icon_coinNull
gameUI_material.swf	712	UI_icon_coinQ
gameUI_material.swf	706	UI_icon_exp
gameUI_material.swf	704	UI_icon_integral
gameUI_material.swf	702	UI_login_award_card
gameUI_material.swf	696	UI_numStyle_coin
gameUI_material.swf	685	UI_numStyle_gold
gameUI_material.swf	674	UI_panel_ad_fun_card
gameUI_material.swf	670	UI_panel_boss
gameUI_material.swf	657	UI_panel_build
gameUI_material.swf	655	material_fla.Timeline_389
gameUI_material.swf	648	material_fla.Timeline_386
gameUI_material.swf	641	UI_panel_build_card
gameUI_material.swf	638	UI_panel_build_tower
gameUI_material.swf	616	UI_panel_build_tower_had
gameUI_material.swf	606	UI_panel_build_tower_ing
gameUI_material.swf	582	UI_panel_friend_card
gameUI_material.swf	563	UI_panel_friend_card_add2
gameUI_material.swf	557	UI_panel_gameInfo_friend
gameUI_material.swf	556	UI_panel_gameInfo_pass
gameUI_material.swf	533	UI_panel_gameInfo_self
gameUI_material.swf	530	material_fla.Timeline_418
gameUI_material.swf	509	material_fla.Timeline_75
gameUI_material.swf	493	UI_panel_normal
gameUI_material.swf	487	UI_panel_refining
gameUI_material.swf	484	UI_icon_dreamGold
gameUI_material.swf	481	UI_icon_gold
gameUI_material.swf	469	material_fla.Timeline_429
gameUI_material.swf	455	UI_panel_shop_card
gameUI_material.swf	450	UI_panel_shop_goods
gameUI_material.swf	440	material_fla.Timeline_40
gameUI_material.swf	432	UI_panel_shopping
gameUI_material.swf	429	material_fla.Timeline_453
gameUI_material.swf	428	material_fla.Timeline_452
gameUI_material.swf	427	material_fla.Timeline_449
gameUI_material.swf	426	material_fla.Timeline_446
gameUI_material.swf	425	material_fla.Timeline_443
gameUI_material.swf	418	UI_panel_slave
gameUI_material.swf	411	UI_panel_slave_card
gameUI_material.swf	394	UI_panel_slave_card_0
gameUI_material.swf	391	UI_panel_slave_card_1
gameUI_material.swf	385	UI_panel_slave_card_2
gameUI_material.swf	378	UI_panel_slave_card_3
gameUI_material.swf	368	UI_panel_slave_card_4
gameUI_material.swf	364	UI_panel_slave_goods
gameUI_material.swf	357	UI_panel_system
gameUI_material.swf	356	UI_panel_task_more
gameUI_material.swf	347	UI_panel_TheWorld
gameUI_material.swf	344	UI_panel_tips_addFriend
gameUI_material.swf	341	UI_panel_tips_award
gameUI_material.swf	340	UI_panel_tips_award_any
gameUI_material.swf	336	UI_panel_tips_award_clip
gameUI_material.swf	335	material_fla.Timeline_495
gameUI_material.swf	333	UI_panel_tips_award_onlyLook
gameUI_material.swf	329	UI_panel_tips_award_passLevel
gameUI_material.swf	324	UI_panel_tips_award_up
gameUI_material.swf	313	UI_panel_tips_feed
gameUI_material.swf	310	UI_panel_tips_feed_1
gameUI_material.swf	307	UI_panel_tips_loginEveryDay
gameUI_material.swf	293	UI_panel_tips_loginEveryDay_isFan
gameUI_material.swf	237	UI_panel_tips_new
gameUI_material.swf	214	UI_panel_tips_small
gameUI_material.swf	211	UI_panel_tips_small_lr
gameUI_material.swf	206	UI_panel_tips_task_award
gameUI_material.swf	203	UI_panel_tips_task_info
gameUI_material.swf	188	UI_panel_tips_unlock
gameUI_material.swf	175	UI_panel_tips_unlock_card
gameUI_material.swf	171	UI_panel_tips_unlock_card2
gameUI_material.swf	163	UI_panel_tips_yes
gameUI_material.swf	154	UI_panel_tools
gameUI_material.swf	153	material_fla.Timeline_281
gameUI_material.swf	146	material_fla.Timeline_284
gameUI_material.swf	139	UI_btn_dream_bg
gameUI_material.swf	137	material_fla.Timeline_550
gameUI_material.swf	130	material_fla.Timeline_549
gameUI_material.swf	123	UI_btn_tools
gameUI_material.swf	110	material_fla.Timeline_548
gameUI_material.swf	101	UI_panel_tools_card
gameUI_material.swf	98	UI_radio_1
gameUI_material.swf	95	UI_sign_0
gameUI_material.swf	93	UI_sign_1
gameUI_material.swf	91	UI_slave_img1
gameUI_material.swf	88	UI_slave_img2
gameUI_material.swf	85	UI_slave_img3
gameUI_material.swf	82	UI_slave_img4
gameUI_material.swf	79	UI_slave_img5
gameUI_material.swf	72	UI_tag_0
gameUI_material.swf	68	UI_tag_3
gameUI_material.swf	64	UI_tag_5_0
gameUI_material.swf	62	UI_tips_award_card
gameUI_material.swf	55	UI_tips_award_card_2
gameUI_material.swf	53	UI_tools_dalic
gameUI_material.swf	48	UI_tools_lqxfj
gameUI_material.swf	39	UI_tools_tempTest
gameUI_material.swf	37	UI_tools_ybb
gameUI_material.swf	23	UI_user_ImgBox
gameUI_material.swf	5	UI_tame_GoShop_btn
gameUI_qqvip.swf	115	qq_icon
gameUI_qqvip.swf	114	QQ_every_icon_off
gameUI_qqvip.swf	113	QQ_every_icon_on
gameUI_qqvip.swf	112	QQ_vip_status
gameUI_qqvip.swf	95	QQ_vip_status_1
gameUI_qqvip.swf	83	QQ_newbie_icon_off
gameUI_qqvip.swf	80	QQ_newbie_icon_on
gameUI_qqvip.swf	67	QQ_8sell
gameUI_qqvip.swf	65	QQ_panel_vipEveryDay
gameUI_qqvip.swf	60	QQ_panel_vipAwardInfo
gameUI_qqvip.swf	50	QQ_panel_vipNewbie
gameUI_qqvip.swf	49	QQ_btn_ktyhz
gameUI_qqvip.swf	47	QQ_btn_kthz
gameUI_qqvip.swf	41	QQ_btn_xfhz
gameUI_qqvip.swf	20	QQ_panel_vip_year
gameUI_qqvip.swf	13	QQ_panelBg
gameUI_qqvip.swf	11	QQ_hztq_card
gameUI_qqvip.swf	9	QQ_newbie_card
gameUI_qqvip.swf	6	QQ_everyDay_card
gameUI_sheep.swf	66	sheepHigh
gameUI_sheep.swf	61	sheepFear
gameUI_sheep.swf	56	sheepCry
gameUI_sheep.swf	44	sheepAnger
gameUI_sheep.swf	36	sheepAfraid
gameUI_sheep.swf	20	sleepSheep
gameUI_sheep.swf	13	dreamSheep
gameUI_skill.swf	155	fly
gameUI_skill.swf	152	slowf
gameUI_skill.swf	149	isolation
gameUI_skill.swf	146	resistCrit
gameUI_skill.swf	145	resistFrost
gameUI_skill.swf	144	resistSilence
gameUI_skill.swf	143	resistPoison
gameUI_skill.swf	142	resistLight
gameUI_skill.swf	141	resistFire
gameUI_skill.swf	140	resistBeat
gameUI_skill.swf	139	resistVertigo
gameUI_skill.swf	138	strsmooth
gameUI_skill.swf	133	airborne
gameUI_skill.swf	130	weakCrit
gameUI_skill.swf	126	weakFrost
gameUI_skill.swf	122	weakSilence
gameUI_skill.swf	119	weakPoison
gameUI_skill.swf	115	weakLight
gameUI_skill.swf	106	weakFire
gameUI_skill.swf	102	weakBeat
gameUI_skill.swf	97	weakVertigo
gameUI_skill.swf	89	revive
gameUI_skill.swf	84	reborn
gameUI_skill.swf	78	burst
gameUI_skill.swf	73	sprint
gameUI_skill.swf	68	morph
gameUI_skill.swf	63	taunt
gameUI_skill.swf	58	divide
gameUI_skill.swf	55	shield
gameUI_skill.swf	51	links
gameUI_skill.swf	43	massTreatment
gameUI_skill.swf	38	blink
gameUI_skill.swf	30	cloud
gameUI_skill.swf	27	invisible
gameUI_skill.swf	24	summon
gameUI_skill.swf	16	skill_A
gameUI_skill.swf	14	skill_B
gameUI_skill.swf	12	skill_C
gameUI_skill.swf	10	skill_X
gameUI_skill.swf	8	skill_Z
gameUI_skill.swf	6	skill_bg
gameUI_skill.swf	4	skill_0
gameUI_tower.swf	233	panlong
gameUI_tower.swf	229	qiang
gameUI_tower.swf	226	denglou
gameUI_tower.swf	219	levelBubble
gameUI_tower.swf	217	upgradeTower
gameUI_tower.swf	213	paota
gameUI_tower.swf	196	niulang
gameUI_tower.swf	191	bodongta
gameUI_tower.swf	170	zhangai_shitou2
gameUI_tower.swf	167	zhinv
gameUI_tower.swf	157	sandanta
gameUI_tower.swf	134	shaota
gameUI_tower.swf	117	xiangqianta
gameUI_tower.swf	92	zhangai_fanyinglu
gameUI_tower.swf	81	zhangai_huoshan2
gameUI_tower.swf	79	zhangai_hedianchang1
gameUI_tower.swf	69	zhangai_hedianchang2
gameUI_tower.swf	56	zhangai_shitou1
gameUI_tower.swf	53	zhangai_shitou3
gameUI_tower.swf	50	zhangai_shitou4
gameUI_tower.swf	47	zhangai_shu1
gameUI_tower.swf	43	zhangai_shu2
gameUI_tower.swf	39	zhangai_shu3
gameUI_tower.swf	32	zhangai_shu4
gameUI_tower.swf	24	zhangai_huoshan1
gameUI_tower.swf	18	wushi
gameUI_tower.swf	13	yiji
gameUI_tower.swf	6	tower_fla.Timeline_119
gameUI_wolf.swf	158	aiming
gameUI_wolf.swf	156	BloodSlot
gameUI_wolf.swf	151	hammer
gameUI_wolf.swf	150	spyWolf
gameUI_wolf.swf	72	balloon
gameUI_wolf.swf	68	torch
gameUI_wolf.swf	66	cannon