action	service
ACTION_1001	user.get
ACTION_1002	user.get_friends
ACTION_1003	sys.get_config
ACTION_1004	user.get_slaves
ACTION_1005	user.catch_slave
ACTION_1006	user.get_msgs
ACTION_1007	store.buy_properties
ACTION_1008	user.release_slave
ACTION_1009	user.get_umap
ACTION_1010	umap.pk_wolfs
ACTION_1011	umap.create_building
ACTION_1012	umap.upgrade_building
ACTION_1013	umap.sell_building
ACTION_1014	umap.embed_gem
ACTION_1015	user.expand_slave_max
ACTION_1016	user.mixtrue_gem
ACTION_1017	user.comfort_slave
ACTION_1018	umap.lure_wolf
ACTION_1019	user.do_task
ACTION_1020	umap.use_card
ACTION_1021	user.everyday_gift
ACTION_1022	user.set_all_msgs_read
ACTION_1023	user.feed_gift
ACTION_1024	umap.move_building
ACTION_1025	umap.upshift_building
ACTION_1026	user.use_giftbag
ACTION_1027	user.visit_friend
ACTION_1028	umap.add_bomb_on_wall
ACTION_1029	umap.remove_bomb_on_wall
ACTION_1030	user.commit_task
ACTION_1031	user.get_balance
ACTION_1032	store.score_exchange_property
ACTION_1033	user.get_qq_vip_gifts
ACTION_1034	user.qq_yellow_diamond_free_gift
ACTION_1035	umap.use_drws
ACTION_1036	store.buy_more_properties
ACTION_1037	user.get_task
ACTION_1038	user.do_guide
ACTION_1039	user.get_costcoin
ACTION_1040	user.get_costcoin_gift
ACTION_1041	user.online_gift
ACTION_1042	user.active_code_gift
ACTION_1043	user.get_ploy_everytime_gifts
ACTTON_1044	user.get_year_ploy
ACTTON_1045	user.get_year_active_gifts
ACTTON_1046	user.active_log
ACTTON_1047	user.free_gift
ACTTON_1048	user.send_gift
ACTTON_1049	user.drop_gift
ACTTON_1052	user.receive_gift
ACTTON_1100	user.exchange_properties
ACTTON_1101	user.exchanged_times
ACTION_1102	user.drop_properties
ACTION_1050	user.get_system_broadcast
ACTION_1051	user.get_global_broadcast
ACTION_2009	user.get_dmap
ACTION_2010	dmap.pk_wolfs
ACTION_2011	dmap.create_building
ACTION_2012	dmap.upgrade_building
ACTION_2013	dmap.remove_building
ACTION_2014	dmap.embed_gem
ACTION_2016	dmap.mixtrue_gem
ACTION_2024	dmap.move_building
ACTION_2026	dmap.open_dmap_baox
ACTION_2028	dmap.add_bomb_on_wall
ACTION_2029	dmap.remove_bomb_on_wall
ACTION_2030	sys.get_dmap_cfg
ACTION_2031	dmap.set_dmap_status
ACTION_2032	dmap.get_dmap_top
ACTION_2033	dmap.get_dmap_log
ACTION_2040	dmap.get_rewards
ACTION_2041	dmap.format_dmap_gifts
ACTION_3001	user.use_wc
ACTION_3002	user.get_camp
ACTION_3003	camp.expand_wolf_max
ACTION_3004	camp.defend_wolf
ACTION_3005	camp.add_wolf_skill
ACTION_3006	camp.del_wolf_skill
ACTION_3007	camp.del_wolf
ACTION_3008	camp.use_exp_wolf
ACTION_3009	camp.wolf_skill_lvup
ACTION_3010	camp.create_building
ACTION_3011	camp.upgrade_building
ACTION_3012	camp.sell_building
ACTION_3013	camp.move_building
ACTION_3014	camp.pk_start
ACTION_3015	camp.pk_done
ACTION_3016	camp.retreat
ACTION_3017	camp.embed_gem
ACTION_3018	camp.defend_start
ACTION_3019	camp.defend_done
ACTION_3020	camp.create_mine
ACTION_3021	camp.drop_mine
ACTION_3022	camp.harvest_mine
ACTION_3023	camp.steal_mine
ACTION_3024	camp.get_arena
ACTION_3025	camp.defend_arena_start
ACTION_3026	camp.defend_arena_done
ACTION_3027	camp.pk_arena_start
ACTION_3028	camp.pk_arena_done
ACTION_3029	camp.use_exp_tower
ACTION_3030	camp.get_arena_gifts
ACTION_3031	camp.add_bomb_on_wall
ACTION_3032	camp.remove_bomb_on_wall
ACTION_3033	camp.read_manors_log
ACTION_3034	camp.help_create_mine
ACTTON_4001	user.get_invite_costcoin_gift
ACTTON_4002	user.get_invite_costcoin
ACTION_4011	camp.del_gem
ACTION_4012	umap.del_gem
ACTION_4013	dmap.del_gem
ACTION_4021	camp.get_gem
ACTION_4022	umap.get_gem
ACTION_4023	dmap.get_gem
ACTION_5001	user.grow_award_log
ACTION_5002	user.grow_level_award